event_id,contact_id,event_type,event_ts
EVT-0000001,CON-001756,email_open,2026-06-29T00:41:00
EVT-0000002,CON-000349,reply,2026-06-29T04:59:00
EVT-0000003,CON-000461,email_open,2026-06-29T05:20:00
EVT-0000004,CON-001162,email_open,2026-06-29T07:37:00
EVT-0000005,CON-000939,reply,2026-06-29T07:59:00
EVT-0000006,CON-001899,email_open,2026-06-29T10:15:00
EVT-0000007,CON-001295,web_visit,2026-06-29T11:59:00
EVT-0000008,CON-001126,email_open,2026-06-29T12:32:00
EVT-0000009,CON-000929,web_visit,2026-06-29T12:32:00
EVT-0000010,CON-000999,web_visit,2026-06-29T12:41:00
EVT-0000011,CON-001858,email_open,2026-06-29T13:33:00
EVT-0000012,CON-000508,email_open,2026-06-29T16:07:00
EVT-0000013,CON-001646,web_visit,2026-06-29T16:52:00
EVT-0000014,CON-001752,reply,2026-06-29T18:06:00
EVT-0000015,CON-000868,web_visit,2026-06-29T19:12:00
EVT-0000016,CON-001495,email_open,2026-06-29T20:42:00
EVT-0000017,CON-001672,reply,2026-06-30T00:50:00
EVT-0000018,CON-000083,email_open,2026-06-30T01:13:00
EVT-0000019,CON-001166,web_visit,2026-06-30T01:23:00
EVT-0000020,CON-001780,web_visit,2026-06-30T02:14:00
