error_id,error_type,table_name,record_id,field,original_value,planted_value,related_record_id
ERR-00001,conflicting_industry,accounts,ACC-00299,seed_industry,Logistics,Media,
ERR-00002,conflicting_industry,accounts,ACC-00421,seed_industry,Developer Tools,HR Tech,
ERR-00003,conflicting_industry,accounts,ACC-00142,seed_industry,Sales Tech,Developer Tools,
ERR-00004,conflicting_industry,accounts,ACC-00262,seed_industry,Media,Data & Analytics,
ERR-00005,conflicting_industry,accounts,ACC-00291,seed_industry,HR Tech,E-commerce & Retail,
ERR-00006,conflicting_industry,accounts,ACC-00216,seed_industry,Fintech,HR Tech,
ERR-00007,conflicting_industry,accounts,ACC-00102,seed_industry,HR Tech,Sales Tech,
ERR-00008,conflicting_industry,accounts,ACC-00137,seed_industry,Logistics,Marketing Tech,
ERR-00009,conflicting_industry,accounts,ACC-00027,seed_industry,Software,Cybersecurity,
ERR-00010,conflicting_industry,accounts,ACC-00219,seed_industry,Sales Tech,Cybersecurity,
ERR-00011,missing_title,contacts,CON-000131,title,Chief Revenue Officer,,
ERR-00012,missing_title,contacts,CON-000039,title,Data Engineer,,
ERR-00013,missing_title,contacts,CON-000487,title,  Head of RevOps ,,
ERR-00014,missing_title,contacts,CON-001268,title,Marketing Manager,,
ERR-00015,missing_title,contacts,CON-000762,title,VP of Data,,
ERR-00016,missing_title,contacts,CON-000462,title,Head of Data,,
ERR-00017,missing_title,contacts,CON-000890,title,Operations Analyst,,
ERR-00018,missing_title,contacts,CON-000520,title,Senior Software Engineer,,
ERR-00019,missing_title,contacts,CON-000508,title,VP of Revenue Operations,,
ERR-00020,missing_title,contacts,CON-000671,title,Sales Manager,,
